Trading Name,Trading Code,RIC,Mkt Cap ($M),Tot. Rev ($M),P/E,Yield (%),Sector,GTI Score
3Cnergy,502,CNER.SI,27.603,0.205,,,Real Estate,70
8Telecom,AZG,ETEL.SI,7.902,1.591,,,Technology Equipment,57
A-Smart,BQC,ASMA.SI,36.687,6.92,,,Industrial & Commercial Services,31
A-Sonic Aero,BTJ,ASON.SI,13.463,299.666,6.19,4.35,Transportation,53
AA,5GZ,AAGH.SI,14.247,21.251,,,Industrial Goods,37
ABR,533,ABRH.SI,144.717,125.398,82.76,2.78,Food & Beverages,67
Abterra,L5I,ABTR.SI,13.164,199.853,,,Energy - Fossil Fuels,-6
Abundance Intl,541,ABUN.SI,12.224,489.2,,,Industrial & Commercial Services,61
Accordia Golf Tr,ADQU,ACCO.SI,660.346,636.07,,6.28,Cyclical Consumer Services,69
Accrelist Ltd,QZG,ACCR.SI,24.006,167.111,215,,Technology Equipment,
Ace Achieve Info,A75,ACEA.SI,6.024,35.922,6.94,,Technology Equipment,42
Acesian Partners,5FW,ACES.SI,5.483,20.376,1.82,,Industrial & Commercial Services,37
Acma,AYV,ACMA.SI,4.324,95.393,,,Industrial Goods,62
Acromec,43F,ACRO.SI,8.037,32.311,,,Industrial & Commercial Services,54
Addvalue Tech,A31,AVAU.SI,46.806,5.325,,,Technology Equipment,51
Advanced,BLZ,ADVA.SI,9.317,69.338,,,Energy - Fossil Fuels,53
Advanced Systems,5TY,ADSA.SI,22.324,17.643,,,Technology Equipment,62
Advancer Global,43Q,ADVN.SI,46.687,68.866,231.25,2.16,Industrial & Commercial Services,53
Adventus,5EF,ADVE.SI,7.802,0,,,Industrial & Commercial Services,31
AEI,AWG,AEIC.SI,42.915,8.634,,,Mineral Resources,60
AEM,AWX,AEM.SI,489.221,273.832,12.1,2.18,Technology Equipment,69
AF Global,L38,AFGL.SI,143.567,29.812,,3.68,Cyclical Consumer Services,66
AGV,1A4,AGVG.SI,5.578,2.933,,,Mineral Resources,40
AIMS APAC Reit,O5RU,AIMA.SI,989.529,118.078,19.46,6.02,Real Estate,77.3
AIMS Property,BVP,APW.AX,65.567,11.375,6.61,1.36,Real Estate,
AliPictures HKD,S91,ALIB.SI,35453.535,3389.682,,,Cyclical Consumer Services,
Alita Resources,40F,ALIT.SI,115.12,67.585,,,Mineral Resources,48
Alliance HC,MIJ,ALLA.SI,40.538,36.512,127.45,,Healthcare Services,
Allied Tech,A13,ALLT.SI,19.474,116.264,,0.91,Industrial Goods,46
Alpha Energy,5TS,ALPH.SI,76.763,0,,,Software & IT Services,45
Amara,A34,AMRA.SI,265.391,106.278,7.95,2.17,Cyclical Consumer Services,55
AMOS,RF7,AMOS.SI,51.947,129.391,,,Industrial Goods,60
Amplefield Ltd,AOF,AMPL.SI,17.112,10.792,32.76,,Real Estate,49
AnAn Intl,Y35,ANAN.SI,16.949,2546.056,,,Energy - Fossil Fuels,47
Anchor Resources,43E,ANCH.SI,9.966,1.239,,,Mineral Resources,51
Anchun Intl,BTX,ANIH.SI,11.126,26.554,5.73,,Industrial Goods,71
AnnAik,A52,AAIK.SI,17.564,48.347,,3.33,Mineral Resources,44
Annica,5AL,ANHL.SI,16.675,7.804,,,Energy - Fossil Fuels,43
Aoxin Q & M,1D4,AOXI.SI,68.781,24.161,,,Healthcare Services,
AP Oil,5AU,AOIL.SI,27.148,65.032,12.4,3.03,Chemicals,66
APAC Realty,CLN,APAC.SI,186.479,356.022,11.85,6.19,Real Estate,
ARA HTrust USD,XZL,ARAU.SI,487.074,,,,Real Estate,
Arion Ent,YYB,ARIO.SI,4.361,0.996,,,Cyclical Consumer Services,
Artivision Tech,5NK,ARTT.SI,8.989,0,,,Software & IT Services,41
Ascendas Reit,A17U,AEMN.SI,10362.986,910.801,17.57,4.51,Real Estate,86.7
Ascendas Reit R,PPNR,,,,,,,
Ascendas Reit R1,8ZMR,,,,,,,
Ascendas-hTrust,Q1P,ASHP.SI,1241.082,192.044,14.55,5.27,Real Estate,70.5
Ascendas-iTrust,CY6U,AINT.SI,1638.764,191.003,7.76,5.15,Real Estate,76.1
Ascott Reit,A68U,ASRT.SI,2876.031,517.363,10.8,5.43,Real Estate,88.9
Asia Enterprises,A55,AEHL.SI,49.92,34.308,58.87,3.42,Mineral Resources,71
Asia Fashion,BQI,ASFN.SI,5.48,4.113,,,Cyclical Consumer Products,32
Asia Vets,5RE,ASIV.SI,18.061,3.312,,,Healthcare Services,34
AsiaMedic,505,ASIM.SI,7.421,18.729,,,Healthcare Services,55
Asian Healthcare,1J3,ASAI.SI,78.214,10.863,26.03,3.33,Healthcare Services,
Asian Micro,585,AMHL.SI,3.196,4.46,,,Industrial & Commercial Services,47
Asian Pay Tv Tr,S7OU,ASIA.SI,250.93,304.679,27.62,6.9,Cyclical Consumer Services,65.9
AsiaPhos,5WV,ASIP.SI,8.252,0.795,,,Chemicals,71
Asiatic,5CR,ATIC.SI,6.622,37.666,,,Industrial Goods,50
Asiatravel.com,5AM,ATVE.SI,12.593,94.353,,,Software & IT Services,34
ASL Marine,A04,ASLM.SI,27.798,312.882,,,Industrial Goods,82
Aspen,1F3,ASPE.SI,153.402,167.446,26.04,,Real Estate,
Aspial,A30,ASPA.SI,301.614,786.225,10.16,4.84,Real Estate,54
Astaka,42S,ASTA.SI,164.711,97.359,,,Real Estate,75
ASTI,575,ATIH.SI,21.141,70.515,,80.65,Industrial Goods,61
Atlantic Nav,5UL,ATLA.SI,20.436,89.233,,,Mineral Resources,46
AusGroup,5GJ,AUSG.SI,100.555,266.653,24.59,,Energy - Fossil Fuels,25
Avarga,U09,AVAR.SI,166.269,1454.149,5.85,20,Applied Resources,58
Avi-Tech,BKY,AVTH.SI,66.576,33.598,13.99,4.74,Technology Equipment,77
AVIC,O2I,AVIC.SI,42.325,108.312,9.02,,Industrial & Commercial Services,61
AVJennings A$,A05,AVJ.AX,241.707,296.467,14.5,4.2,Real Estate,
Axcelasia,42U,AXCE.SI,10.273,8.343,19.14,,Industrial & Commercial Services,77
Ayondo,1I5,AYON.SI,24.5,21.627,,,Banking & Investment Services,
Azeus,BBW,AZEU.SI,27.013,25.719,12.29,4.11,Software & IT Services,53
B&M Hldg,CJN,BMHL.SI,30.653,2.099,,1.2,Banking & Investment Services,53
Baker Technology,BTP,BATE.SI,78.108,65.723,3.08,,Energy - Fossil Fuels,81
Ban Leong,B26,BANL.SI,29.125,157.614,8.15,6,Technology Equipment,63
Banyan Tree,B58,BANY.SI,370.201,295.438,,2.27,Cyclical Consumer Services,87
BBR,KJ5,BBRS.SI,49.031,95.842,,2.65,Industrial & Commercial Services,60
Beng Kuang,BEZ,BENK.SI,5.4,52.122,,,Industrial & Commercial Services,44
Berlian LajuTank,B66,BLTA.JK,1296271.25,313798.875,177.83,,Transportation,28
Best World,CGN,BEST.SI,753.973,359.529,7.85,2.79,Personal & Household Products & Services,55
BH Global,BQN,BHGC.SI,21.3,44.947,,,Industrial Goods,57
BHG Retail Reit,BMGU,BHGR.SI,355.206,72.578,6.55,6.43,Real Estate,84.5
Biolidics,8YY,BIOL.SI,65.475,1.638,,,Healthcare Services,
BlackGoldNatural,41H,BLAC.SI,10.047,6.893,,,Energy - Fossil Fuels,46
Blumont,A33,BLUM.SI,27.571,3.838,,,Industrial & Commercial Services,29
BMM,I9T,BMMO.SI,3.706,,,,Chemicals,33
Boldtek,5VI,BOLD.SI,20.048,78.778,24.55,,Real Estate,69
Bonvests,B28,BVHS.SI,473.79,223.323,89.39,1.36,Cyclical Consumer Services,53
Boustead,F9D,BTSS.SI,387.552,492.816,14.15,3.87,Industrial & Commercial Services,64
Boustead Proj,AVM,BOUS.SI,302.4,247.884,11.66,1.59,Industrial & Commercial Services,58
BRC Asia,BEC,BRCA.SI,326.597,890.73,8.88,,Cyclical Consumer Products,57
BreadTalk,CTN,BRET.SI,310.083,633.388,28.32,2.73,Cyclical Consumer Services,
Broadway Ind,B69,BRWY.SI,21.236,325.382,,,Industrial Goods,37
Brook Crompton,AWC,BROO.SI,31.558,47.964,6.4,2.25,Industrial Goods,53
Bukit Sembawang,B61,BSES.SI,1263.487,397.5,12.67,0.82,Real Estate,67
Bumitama Agri,P8Z,BUMI.SI,1091.332,734.642,14.83,3.84,Food & Beverages,52
Bund Center,BTE,BCIL.SI,403.06,113.358,15,4.15,Real Estate,49
C&G Env Protect,D79,CGEP.SI,1.956,0,,,Cyclical Consumer Products,43
Cache Log Trust,K2LU,CALT.SI,759.187,117.341,46.82,7,Real Estate,70.3
Cacola,D2U,CACF.SI,1.821,13.319,,,Cyclical Consumer Products,12
Camsing Hc,BAC,CAMS.SI,32.1,12.958,,,Retailers,41
CapitaCom Trust,C61U,CACT.SI,7638.218,403.576,18.56,3.73,Real Estate,95.7
Capital World,1D5,CAPI.SI,20.178,46.438,,,Real Estate,57
CapitaLand,C31,CATL.SI,19005.6,5483.295,10.02,3.24,Real Estate,118
CapitaMall Trust,C38U,CMLT.SI,9111.346,763.836,15.63,3.74,Real Estate,102.1
CapitaR China Tr,AU8U,CRCT.SI,1843.993,226.364,9.61,6.73,Real Estate,84.9
Captii,AWV,CAPT.SI,12.783,29.614,3.91,3.13,Telecommunications Services,60
Casa,C04,CASA.SI,10.072,21.205,14.86,,Cyclical Consumer Products,29
CDL HTrust,J85,CDLT.SI,1915.882,195.177,21.55,5.14,Real Estate,86.7
CDW,BXE,CDWH.SI,45.435,129.118,601.34,8.36,Technology Equipment,64
CEI,AVV,CEII.SI,83.537,,,1.52,Technology Equipment,60
Centurion,OU8,CNCL.SI,357.672,123.786,4.55,4.71,Real Estate,78
CFM,5EB,CFMH.SI,3.426,20.308,11.81,,Industrial Goods,52
CH Offshore,C13,CHOF.SI,35.994,19.843,,,Energy - Fossil Fuels,72
Challenger,573,CHAL.SI,181.234,330.471,9.91,5.9,Retailers,64
Charisma Energy,5QT,CHAR.SI,26.358,17.518,,,Utilities,57
Chasen,5NV,CHHL.SI,30.721,128.593,7.33,5.06,Transportation,49
ChasWood Res,5TW,CHAS.SI,2.263,1.009,,,Cyclical Consumer Services,41
Chemical Ind,C05,CHEM.SI,54.681,68.82,5.12,2.08,Chemicals,35
Cheung Woh,C50,CHWO.SI,48.261,57.679,,0.97,Industrial Goods,40
China Aviation,G92,CNAO.SI,1066.424,26719.305,7.99,3.66,Energy - Fossil Fuels,82
China Env,5OU,CHEN.SI,31.144,30.992,,,Industrial & Commercial Services,59
China Env Res,RS1,1130.HK,185.325,233.024,,,Industrial & Commercial Services,
China Essence,G54,CEGL.SI,5.248,0,,,Food & Beverages,27
China Everbright,U9E,CEWL.SI,1846.021,851.267,6.92,3.54,Utilities,55
China Fishery,B0Z,CNFG.SI,271.489,664.103,,,Food & Beverages,45
China Gaoxian,AZZ,CGXF.SI,0.342,0,,,Cyclical Consumer Products,44
China Great Land,D50,CHIG.SI,1.352,0,,,Cyclical Consumer Products,26
China Haida,C92,CHHA.SI,1.021,43.714,,,Mineral Resources,41
China Hongxing,BR9,CHXS.SI,344.997,0,,2.08,Cyclical Consumer Products,22
China Intl,BEH,CHNA.SI,28.534,15.365,,,Industrial & Commercial Services,45
China Jinjiang,BWM,CJEH.SI,873.647,627.551,7.84,8.5,Industrial & Commercial Services,68
China Jishan,J18,CJIS.SI,47.402,7.332,18.92,12.29,Cyclical Consumer Products,42
China Mining,BHD,CMIL.SI,12.34,2.941,,,Real Estate,57
China Paper,C71,CPHL.SI,43.897,141.798,,,Applied Resources,26
China Real Estate,5RA,CHIR.SI,35.648,,,,Personal & Household Products & Services,46
China Sky Chem,E90,CSKY.SI,24.183,308.973,,,Cyclical Consumer Products,12
China Sports,FQ8,CSIL.SI,12.798,50.146,,,Cyclical Consumer Products,44
China Star Food,42W,CHIA.SI,17.245,72.919,2.76,,Cyclical Consumer Products,66
China Sunsine,CH8,CHSN.SI,512.084,551.198,5.78,5.29,Chemicals,68
China Taisan,AZW,CTTG.SI,1.556,23.037,,,Cyclical Consumer Products,28
China Yuanbang,BCD,CYBP.SI,20.154,377.805,1.18,,Real Estate,58
ChinaKangdaFood,P74,0834.HK,299.008,1567.423,61.94,,Food & Beverages,56
ChinaKundaTech,GU5,CKUN.SI,3.69,7.342,,,Automobiles & Auto Parts,68
Chinese Global,5CJ,CHGI.SI,9.16,11.659,,,Industrial & Commercial Services,52
Chip Eng Seng,C29,CESE.SI,498.531,1079.82,7.46,6.61,Real Estate,58
Choo Chiang,42E,CHOO.SI,64.48,63.439,13.47,2.9,Industrial Goods,40
Chuan Hup,C33,CHHS.SI,222.998,24.904,,4.17,Real Estate,66
Citic Envirotech,CEE,CITI.SI,1301.313,645.303,,2.34,Industrial & Commercial Services,58
Citicode,5FH,CITC.SI,41.317,23.008,,,Mineral Resources,-5
CityDev,C09,CTDM.SI,9702.245,3401.721,16.35,1.31,Real Estate,110
Civmec,P9D,CIVM.SI,185.303,455.067,32.73,1.89,Industrial & Commercial Services,68
Clearbridge,1H3,CLEA.SI,81.015,11.155,,,Healthcare Services,
CNA,5GC,CNGR.SI,14.886,30.184,,,Industrial & Commercial Services,35
CNMC Goldmine,5TP,CNMC.SI,108.142,60.631,21.43,0.75,Mineral Resources,68
Colex,567,COLX.SI,23.987,68.011,9.49,3.04,Industrial & Commercial Services,50
Combine Will,N0Z,CWIHx.SI,35.254,303.655,2.87,4.59,Cyclical Consumer Products,59
ComfortDelGro,C52,CMDG.SI,5177.765,3913.4,16.8,4.46,Transportation,100
Cordlife,P8A,CORD.SI,120.386,69.846,30.86,1.78,Healthcare Services,48
Cortina,C41,CORT.SI,240.089,481.854,7.36,1.38,Retailers,63
COSCO SHP SG,F83,COSC.SI,671.773,163.203,54.45,,Transportation,55
CosmoSteel,B9S,COSM.SI,23.522,89.74,,,Mineral Resources,67
Courage Inv,CIN,1145.HK,115.312,119.853,4.14,,Transportation,
CPH,539,CIPH.SI,4.922,0,,,Technology Equipment,54
Creative,C76,CREA.SI,233.473,74.801,,,Technology Equipment,58
CromwellReit EUR,CNNU,CROM.SI,1283.973,144.813,10.74,7.17,Real Estate,
CromwellReit SGD,CSFU,,,,,,,
CSC,C06,CSCH.SI,53.007,322.351,,,Industrial & Commercial Services,38
CSE Global,544,CSES.SI,271.753,377.746,13.54,5.14,Software & IT Services,70
CWX Global,594,CWXG.SI,15.615,7.289,,,Cyclical Consumer Products,73
DairyFarm USD,D01,DAIR.SI,8129.744,11581.4,125.65,3.49,Food & Drug Retailing,
Darco Water Tech,BLR,DRWT.SI,23.458,85.899,,,Industrial & Commercial Services,43
Dasin Retail Tr,CEDU,DASI.SI,537.492,69.471,,8.35,Real Estate,
Datapulse Tech,BKW,DATA.SI,47.279,2.867,,4.65,Technology Equipment,24
DBS,D05,DBSM.SI,68534.023,15594,11.17,4.49,Banking & Investment Services,124
Debao Property,BTF,DPDL.SI,7.135,29.051,,,Real Estate,36
Del Monte Pac,D03,DMPL.SI,757.844,2578.718,,5.39,Food & Beverages,102
Delfi,P34,DELF.SI,584.213,614.388,18.24,2.96,Food & Beverages,65
Design Studio,D11,DESS.SI,18.999,129.081,,,Retailers,50
DISA,532,DISA.SI,20.097,0.508,,,Industrial Conglomerates,70
DLF,KUX,DLFH.SI,22.405,9.454,,,Industrial & Commercial Services,
Dragon,MT1,DRGN.SI,1.375,3.911,,,Industrial Goods,64
Dukang,BKV,DDHL.SI,4.637,27.144,,,Food & Beverages,48
Dutech,CZ4,DTHL.SI,73.193,356.145,6.61,4.88,Technology Equipment,52
Duty Free Intl,5SO,DUTY.SI,183.374,189.053,14.7,10.07,Transportation,53
Dyna-Mac,NO4,DMHL.SI,140.18,88.102,240.35,,Industrial Goods,47
Dynamic Colours,D6U,DYCL.SI,37.831,52.859,18.02,2.78,Chemicals,86
Eagle HTrust USD,LIW,EAGL.SI,403.943,,,,Real Estate,
EC World Reit,BWCU,ECWO.SI,590.057,96.739,12.3,8.25,Real Estate,68.9
EcoWise,5CT,ECOW.SI,28.724,57.208,,,Industrial & Commercial Services,74
Edition,5HG,EDIT.SI,12.555,0.101,,,Software & IT Services,48
Eindec,42Z,EIND.SI,2.908,10.353,,,Industrial Goods,53
Elec & Eltek USD,E16,EELT.SI,284.118,602.736,14.01,,Technology Equipment,57
Ellipsiz,BIX,ELPZ.SI,65.18,50.17,,3.85,Technology Equipment,65
EMAS Offshore,UQ4,,,,,,,
Eneco Energy,R14,ENEC.SI,25.947,42.806,,,Transportation,37
EnGro,S44,ENGR.SI,118.109,129.644,15.16,2.51,Mineral Resources,35
Envictus,BQD,ETIK.SI,28.481,149.708,,,Food & Beverages,53
Enviro-Hub,L23,EHHL.SI,23.776,31.653,15.44,13.04,Industrial & Commercial Services,52
Epicentre,5MQ,EPHL.SI,2.875,-3.175,,,Retailers,47
ES,5RC,ESGL.SI,3.53,24.182,,,Industrial Goods,72
ESR-REIT,J91U,ESRR.SI,1827.771,248.951,,6.37,Real Estate,80.8
ETC Singapore,1C0,EMER.SI,14.564,64.102,2.9,,Industrial Goods,58
EuroSports Gbl,5G1,EURO.SI,51.675,96.237,114.04,,Retailers,71
Excelpoint,BDF,EXCE.SI,57.306,1486.958,7.48,6.25,Technology Equipment,59
Ezion,5ME,EZHL.SI,160.56,150.11,,,Energy - Fossil Fuels,51
Ezra,5DN,EZRA.SI,32.338,715.145,,,Energy - Fossil Fuels,30
F & N,F99,FRNM.SI,2448.858,1902.918,15.34,2.66,Food & Beverages,83
Fabchem China,BFT,FBCH.SI,6.468,26.956,,,Chemicals,59
Falcon Energy,5FL,FEGL.SI,24.146,40.545,,,Energy - Fossil Fuels,20
Far East,5TJ,FAEA.SI,13.375,54.789,,25,Industrial Goods,63
Far East HTrust,Q5T,FAEH.SI,1347.546,115.519,16.74,4.58,Real Estate,66.7
Far East Orchard,O10,FARE.SI,512.88,151.228,17.31,5.13,Cyclical Consumer Services,82
Federal Int,BDU,FEDL.SI,28.857,44.239,,7.32,Energy - Fossil Fuels,46
Figtree,5F4,FIGT.SI,38.985,6.432,8.54,2.7,Real Estate,52
First Reit,AW9U,FRET.SI,821.605,115.758,11.31,,Real Estate,59.1
First Resources,EB5,FRLD.SI,2822.344,784.642,27.8,1.47,Food & Beverages,81
First Sponsor,ADN,FSCA.SI,1026.046,301.323,8.6,1.86,Real Estate,47
FJ Benjamin,F10,FJBN.SI,30.938,131.509,178.95,,Retailers,49
Food Empire,F03,FEMP.SI,318.124,383.186,10.69,1.15,Food & Beverages,47
Forise Intl,I5H,FOIL.SI,8.532,1.102,,,Industrial & Commercial Services,55
FortressMinerals,OAJ,FORR.SI,100.096,37.699,10.42,1.8,Mineral Resources,
Fragrance,F31,FRAG.SI,853.44,231.277,3.45,1.57,Real Estate,48
Frasers Com Tr,ND8U,FRCR.SI,1460.345,125.06,9.77,,Real Estate,83.5
Frasers Cpt Tr,J69U,FCRT.SI,2916.699,196.385,13.2,,Real Estate,81.6
Frasers HTrust,ACV,FRHO.SI,1346.309,149.805,28.28,5.99,Real Estate,80.6
Frasers L&I Tr,BUOU,FRAE.SI,2754.842,224.275,12.18,5.74,Real Estate,80.9
Frasers L&I Tr  AUD,BWQU,,,,,,,
Frasers Property,TQ5,FRPL.SI,5342.663,4024.778,6.21,4.7,Real Estate,90
Frencken,E28,FREN.SI,343.369,669.303,8.14,2.64,Industrial Goods,77
FSL Trust,D8DU,FSLT.SI,120.343,93.859,,,Transportation,27.4
Fu Yu,F13,FUYU.SI,173.189,197.276,13.99,7.17,Industrial Goods,74
Fuji Offset,508,FOPS.SI,22.461,4.609,16.31,0.67,Industrial Goods,32
Fujian Zhenyun,5KT,FZPI.SI,17.243,66.008,,,Cyclical Consumer Products,34
Full Apex,BTY,FULL.SI,17.777,192.953,,,Applied Resources,7
Fuxing China,AWK,FXCG.SI,13.656,162.688,2.85,,Cyclical Consumer Products,50
G Invacom,QS9,GLOB.SI,48.337,189.088,13.19,,Technology Equipment,56
G K Goh,G41,GKHS.SI,266.344,101.814,,2.44,Industrial & Commercial Services,57
Gallant Venture,5IG,GLVT.SI,613.871,2048.901,,,Automobiles & Auto Parts,35
GCCP,41T,GCCP.SI,10.754,5.208,,,Mineral Resources,46
GDS Global,5VP,GDSG.SI,39.2,14.446,,,Cyclical Consumer Products,61
Genting Sing,G13,GENS.SI,11307.915,2537.941,16.49,3.74,Cyclical Consumer Services,74
Geo Energy Res,RE4,GEOE.SI,197.486,331.168,,7.09,Energy - Fossil Fuels,86
GKE,595,GKEC.SI,50.066,94.661,,,Transportation,59
GL,B16,GLLI.SI,1047.569,475.167,24.52,2.88,Cyclical Consumer Services,73
Global Dragon,586,GLOL.SI,39.555,1.523,12.03,,Real Estate,69
Global Inv,B73,GLNV.SI,241.338,27.309,11.23,7.14,Collective Investments,100
Global Palm Res,BLW,GPRL.SI,31.847,27.212,,6.49,Food & Beverages,55
Global Testing,AYN,GTCL.SI,17.971,31.554,,17.65,Technology Equipment,60
Golden Agri-Res,E5H,GAGR.SI,3340.952,9067.161,,2.23,Food & Beverages,68
Golden Energy,AUE,GOLD.SI,400.409,1453.447,17.35,9.88,Energy - Fossil Fuels,59
Goodland,5PC,GLGP.SI,74.479,8.118,12.66,4.76,Real Estate,56
GP Industries,G20,GPEI.SI,307.602,1153.993,10.52,5.08,Industrial Goods,48
Grand Banks,G50,GBYL.SI,47.901,79.568,31.86,1.92,Cyclical Consumer Products,80
Grand Venture,JLB,GRAN.SI,53.878,37.224,13.06,,Industrial Goods,
Great Eastern,G07,GELA.SI,10294.689,15808.8,12.11,2.76,Insurance,96
Green Build,Y06,GREE.SI,27.173,28.486,13.25,,Food & Beverages,53
GRP,BLU,GRPS.SI,38.159,32.087,,5.08,Cyclical Consumer Products,58
GS Hldg,43A,GSHO.SI,110.996,19.228,34.17,,Industrial & Commercial Services,59
GSH,BDX,GSHC.SI,711.733,109.98,165.14,3.47,Cyclical Consumer Services,58
GSS Energy,41F,GSSE.SI,51.104,99.321,25.12,,Industrial Goods,49
Guoan Intl,G11,0143.HK,565.674,155.037,,,Industrial & Commercial Services,
GuocoLand,F17,GUOC.SI,2390.414,1031.462,8.89,3.47,Real Estate,83
GYP Properties,AWS,GYPP.SI,33.1,7.949,15.81,,Real Estate,35
Hafary,5VS,HFRY.SI,66.735,115.255,6.86,6.45,Cyclical Consumer Products,70
Hai Leck,BLH,HLHL.SI,107.117,82.701,149,3.85,Energy - Fossil Fuels,50
Halcyon Agri,5VJ,HALC.SI,726.424,2728.019,,2.2,Automobiles & Auto Parts,68
Hanwell,DM0,HANW.SI,125.739,465.814,10.46,4.55,Applied Resources,59
Hatten Land,PH0,HATT.SI,126.94,92.531,31.58,0.27,Real Estate,34
Haw Par,H02,HPAR.SI,2966.789,257.133,15.59,2.24,,89
HC Surgical,1B1,HCSU.SI,82.511,19.391,11.37,4.04,Healthcare Services,
HealthBank,40B,HEAL.SI,4.687,2.134,,,Cyclical Consumer Services,46
Healthway Med,5NG,HEMC.SI,117.749,110.703,,,Healthcare Services,32
Heatec Jietong,5OR,HTJT.SI,4.795,25.808,,,Cyclical Consumer Products,66
Heeton,5DP,HEET.SI,147.946,67.477,10.08,1.32,Real Estate,46
Hengyang Petro,5PD,HNYG.SI,30.766,0,,,Energy - Fossil Fuels,27
HG Metal,BTG,HGMM.SI,27.428,144.341,,,Mineral Resources,80
Hi-P,H17,HIPI.SI,1330.762,1412.618,11.74,3.2,Industrial Goods,60
Hiap Hoe,5JK,HIAP.SI,363.036,135.39,,1.96,Real Estate,69
Hiap Seng,510,HSEN.SI,7.29,146.281,,,Energy - Fossil Fuels,62
Hiap Tong,5PO,HTCL.SI,20.024,54.221,8.92,0.77,Banking & Investment Services,44
HL Global Ent,AVX,HLGE.SI,32.401,7.079,507.35,8.7,Cyclical Consumer Services,71
HMI,588,HMIH.SI,609.004,167.534,38.07,0.92,Healthcare Services,69
Ho Bee Land,H13,HBEE.SI,1645.811,209.794,8.14,3.42,Real Estate,84
Hock Lian Seng,J2T,HLSG.SI,168.994,197.175,12.92,5.45,Industrial & Commercial Services,65
Hoe Leong,H20,HLEC.SI,11.24,71.126,,,Industrial Goods,28
Hong Fok,H30,HONG.SI,718.255,129.749,2.99,1.21,Real Estate,73
Hong Lai Huat,CTO,HONL.SI,38.838,19.504,23.27,2.86,Real Estate,
Hong Leong Asia,H22,HLAA.SI,501.037,3824.444,14.64,,Automobiles & Auto Parts,91
Hong Leong Fin,S41,HLSF.SI,1187.286,375.426,10.25,5.66,Banking & Investment Services,85
HongkongLand USD,H78,HKLD.SI,13069.997,1953.4,7.5,3.93,Real Estate,
Hor Kew,BBP,HKEW.SI,7.289,56.752,,,Industrial & Commercial Services,43
Hosen,5EV,HSNG.SI,11.43,66.705,19.16,3.13,Food & Drug Retailing,48
Hotel Grand,H18,HGCS.SI,929.965,155.899,41.03,3.91,Cyclical Consumer Services,46
Hotel Royal,H12,HTRS.SI,305.716,57.41,58.93,1.65,Cyclical Consumer Services,66
Hotung Inv,BLS,HOTU.SI,166.236,21.4,11.38,7.75,Banking & Investment Services,45
HPH Trust SGD,P7VU,,,,,,,
HPH Trust USD,NS8U,HPHT.SI,1393.135,1462.899,,11.53,Transportation,48.1
HPL,H15,HPPS.SI,1928.212,546.059,60.9,1.08,Cyclical Consumer Services,34
HRnetGroup,CHZ,HRNE.SI,632.129,425.992,12.42,4.48,Industrial & Commercial Services,
Hu An Cable,KI3,HACH.SI,9.117,197.168,,,Industrial Goods,53
HuanHsin,H16,HUAN.SI,5.6,14.699,,,Industrial Goods,35
Huationg Global,41B,HUAT.SI,20.437,150.163,7.88,4.07,Industrial & Commercial Services,57
Hwa Hong,H19,HWHS.SI,205.854,11.22,54.97,3.17,Real Estate,61
Hyflux,600,HYFL.SI,178.857,150.18,,,Utilities,38
Hyphens Pharma,1J5,HYPH.SI,59.485,115.421,11.73,,,
ICP Ltd,5I4,ICPL.SI,21.782,4.506,,,Mineral Resources,28
IEV,5TN,IEVH.SI,21.603,1.784,,,Energy - Fossil Fuels,60
IFAST,AIY,IFAS.SI,274.33,119.58,30.57,3.09,Banking & Investment Services,75
IFS Capital,I49,IFAC.SI,86.473,65.165,3.79,2.39,Banking & Investment Services,63
IHH,Q0F,IHHH.KL,47730.508,13294.285,79.07,0.55,Healthcare Services,
Imperium Crown,5HT,IMPE.SI,13.43,0.115,,,Cyclical Consumer Services,20
Inch Kenneth,I4R,IKEN.KL,252.45,15.604,,1.82,Applied Resources,
Indofood Agri,5JS,IFAR.SI,471.247,1346.593,,0.77,Food & Beverages,82
Informatics,BOU,INFO.SI,8.69,7.71,,,Personal & Household Products & Services,36
InnoPac,I26,INPS.SI,8.844,-0.005,,,Real Estate,37
InnoTek,M14,INTK.SI,109.762,207.648,4.59,2.25,Technology Equipment,68
Interra Resource,5GI,INTR.SI,34.019,21.968,,,Energy - Fossil Fuels,58
Intl Cement,KUO,INTN.SI,212.185,119.626,12.98,,Mineral Resources,
Intraco,I06,ITRS.SI,29.043,135.589,26.17,,Industrial & Commercial Services,74
IP Softcom,571,IPSL.SI,8.784,30.833,,,Software & IT Services,49
IPC Corp,AZA,IPCC.SI,25.588,8.533,1.04,,Real Estate,49
IPS Securex,42N,IPSS.SI,19.926,8.983,,,Technology Equipment,60
IREIT Global,UD1U,IREI.SI,509.27,52.585,6.59,7.22,Real Estate,84.3
ISDN,I07,ISDN.SI,94.596,286.849,13.8,3.18,Industrial Goods,62
ISEC,40T,ISEC.SI,188.984,40.829,24.7,3.04,Healthcare Services,70
Isetan,I15,ISET.SI,198.825,118.318,,1.04,Retailers,70
ISOTeam,5WF,ISOT.SI,68.608,136.601,10.11,1.75,Industrial & Commercial Services,72
IX Biopharma,42C,IXBI.SI,141.811,0.671,,,,59
Jackspeed,J17,JACK.SI,43.983,44.766,7.82,6.85,Automobiles & Auto Parts,50
Jadason,J03,JADA.SI,26.864,49.253,,,Technology Equipment,35
Japan Foods,5OI,JPFD.SI,74.135,70.924,22.63,4.94,Cyclical Consumer Services,85
Japfa,UD2,JAPF.SI,1016.759,5103.972,11.78,0.93,Food & Beverages,61
Jardine C&C,C07,JCYC.SI,12778.33,25763.471,12.13,3.7,Automobiles & Auto Parts,80
Jason Marine,5PF,JMGL.SI,14.84,29.002,76.92,3.57,Technology Equipment,56
Jasper Inv,FQ7,JASP.SI,21.792,0,,,Energy - Fossil Fuels,36
Jawala,1J7,JAWA.SI,24.91,13.99,9.95,1.9,Applied Resources,
JB Foods,BEW,JBFO.SI,197.268,460.906,5.38,3.08,Food & Beverages,65
JCG Investment,VFP,JCGI.SI,30.768,1.213,,,Mineral Resources,
JEP,1J4,JEPH.SI,75.919,86.916,13.9,,Industrial Goods,
JES Intl,EG0,JSIH.SI,31.673,0,,,Industrial Goods,12
Jiutian Chemical,C8R,JUTN.SI,30.957,238.524,,,Chemicals,37
JMH USD,J36,JARD.SI,43507.141,41372,14.24,2.92,Industrial Conglomerates,
Joyas Intl,E9L,JIHL.SI,1.915,0.438,,,Cyclical Consumer Products,48
JSH USD,J37,JSH.SI,36568.434,33154,7.4,1.05,Industrial Conglomerates,
Jubilee,NHD,JLJH.SI,23.117,163.691,10.12,,Industrial Goods,
Jumbo,42R,JUMB.SI,240.687,152.803,20.81,3.2,Cyclical Consumer Services,69
Karin Tech,K29,KARI.SI,67.683,313.243,12.04,7.48,Technology Equipment,71
Katrina,1A0,KATR.SI,37.043,74.374,,1.63,Cyclical Consumer Services,49
Kencana Agri,BNE,KCAL.SI,28.154,154.339,,,Food & Beverages,56
Keong Hong,5TT,KEHO.SI,109.154,177.576,6.25,5,Industrial & Commercial Services,59
Kep Infra Tr,A7RU,KEPL.SI,2597.083,1316.143,84.01,5.48,Utilities,80.8
KepPacOakReitUSD,CMOU,KPEL.SI,694.946,113.617,16.72,7.72,Real Estate,
Keppel Corp,BN4,KPLM.SI,12546.92,7058.837,19.37,3.33,Industrial Conglomerates,83
Keppel DC Reit,AJBU,KEPE.SI,3112.16,189.89,16.99,3.43,Real Estate,86.7
Keppel Reit,K71U,KASA.SI,4033.347,160.123,32.67,3.92,Real Estate,88.5
Khong Guan,K03,KHON.SI,50.334,61.694,,1.03,Food & Beverages,56
KimHeng Offshore,5G2,KIMH.SI,32.66,54.685,,1.52,Energy - Fossil Fuels,51
Kimly,1D0,KIML.SI,266.291,208.8,13.02,5.39,Cyclical Consumer Services,
King Wan,554,KIWC.SI,33.87,79.889,20.68,,Industrial & Commercial Services,59
KingsmenCreative,5MZ,KMEN.SI,97.945,386.945,13.91,5.15,Industrial & Commercial Services,54
Kitchen Culture,5TI,KCHL.SI,9.597,10.547,,,Retailers,42
KLW,504,KLWH.SI,10.761,26.535,,,Cyclical Consumer Products,10
Koda,BJZ,KODA.SI,51.35,78.843,7.06,1.61,Cyclical Consumer Products,81
Koh Bros,K75,KBRO.SI,96.36,412.148,13.37,2.73,Industrial & Commercial Services,43
Koh Eco,5HV,KBEE.SI,100.634,339.356,16.01,1.69,Industrial & Commercial Services,41
Koon,5DL,KOON.SI,11.05,112.267,,,Industrial & Commercial Services,
KOP,5I1,KOPL.SI,73.126,19.129,,,Cyclical Consumer Services,46
Kori,5VC,KORI.SI,29.264,21.427,87.54,0.34,Industrial & Commercial Services,53
Koufu,VL6,KOUF.SI,416.11,234.258,14.51,3.38,Cyclical Consumer Services,
Koyo Intl,5OC,KOYO.SI,13.533,26.237,20.12,1.45,Industrial & Commercial Services,38
KrisEnergy,SK3,KRIS.SI,45.129,170.433,,,Energy - Fossil Fuels,49
KS Energy,578,KSTL.SI,13.191,33.072,,,Industrial Goods,10
KSH,ER0,KSHH.SI,267.776,226.944,39.46,4.68,Industrial & Commercial Services,60
KTL Global,EB7,KTLG.SI,7.892,34.868,,,Energy - Fossil Fuels,21
KTMG,XCF,KTMG.SI,25.622,35.994,,,Cyclical Consumer Products,
Lafe,AYB,LAFE.SI,16.482,20.085,,,Real Estate,36
Lasseters Intl,5EL,LASS.SI,17.029,,,,Cyclical Consumer Services,48
LCT,BJL,LCTH.SI,19.067,2.484,13.24,,Technology Equipment,33
Leader Env,LS9,LETL.SI,4.945,7.019,,,Industrial & Commercial Services,41
Lendlease Reit,JYEU,,,,,,,
Ley Choon,Q0X,LEYC.SI,21.327,102.836,,,Industrial & Commercial Services,56
LHN,41O,LHNL.SI,45.879,108.165,6.74,,Real Estate,77
LHT,BEI,LHTH.SI,26.889,39.814,14.65,5.94,Applied Resources,63
Lian Beng,L03,LIBG.SI,264.88,450.579,7.51,4.5,Industrial & Commercial Services,62
Libra,5TR,LIGL.SI,7.527,93.762,,,Industrial & Commercial Services,63
LifeBrandz,1D3,LIFE.SI,2.683,5.573,,,Cyclical Consumer Services,48
Linc Energy,BRE,LINC.SI,15.681,66.457,,,Energy - Fossil Fuels,56
Lion Asiapac,BAZ,LIAS.SI,37.308,32.533,,1.09,Mineral Resources,50
LionGold,A78,LION.SI,8.698,68.235,,,Mineral Resources,42
Lippo Malls Tr,D5IU,LMRT.SI,709.251,262.706,18.55,7.63,Real Estate,68.9
Lonza,O6Z,LONN.S,24522.561,5439,38.13,0.84,,
Lorenzo Intl,5IE,LRZI.SI,7.03,29.15,,,Retailers,21
Low Keng Huat,F1E,LKH.SI,321.385,35.383,46.23,3.45,Industrial & Commercial Services,34
Lum Chang,L19,LUCS.SI,128.985,240.251,5.49,5.37,Industrial & Commercial Services,69
Lung Kee Bermuda,L09,0255.HK,1692.895,2335.279,14.49,8.58,Industrial Goods,
Luxking,BKK,LUKG.SI,4.94,73.254,,,Chemicals,35
Luzhou Bio-Chem,L46,LUZH.SI,7.138,418.93,,,Food & Beverages,60
LY Corp,1H8,LYCO.SI,93.051,71.685,30.87,2.16,Cyclical Consumer Products,
M Development,N14,MDVT.SI,3.843,1.672,,,Mineral Resources,25
Magnus Energy,41S,MAGN.SI,12.633,17.573,,,Energy - Fossil Fuels,49
Man Oriental USD,M04,MOIL.SI,2058.955,585.4,223.9,1.84,Cyclical Consumer Services,
Manhattan Res,L02,MANH.SI,44.342,21.035,2.53,,Transportation,35
ManulifeReit USD,BTOU,MANU.SI,1479.16,169.572,24.81,5.61,Real Estate,64.2
Mapletree Com Tr,N2IU,MACT.SI,7363.715,449.611,7.27,3.38,Real Estate,81.8
Mapletree Ind Tr,ME8U,MAPI.SI,5391.834,393.84,17.15,4.18,Real Estate,77.5
Mapletree Log Tr,M44U,MAPL.SI,6109.365,483.735,12.82,,Real Estate,81.6
Mapletree NAC Tr,RW0U,MAPE.SI,3889.193,420.059,6.05,6.18,Real Estate,78
MarcoPolo Marine,5LY,MAPM.SI,77.54,27.008,,,Transportation,42
Maruwa Yen1k,M12,5344.T,94645.797,42079.852,14.74,0.65,Technology Equipment,
Mary Chia,5OX,MARY.SI,12.262,8.872,,,Personal & Household Products & Services,45
Matex Intl,M15,MATE.SI,2.674,37.791,,,Chemicals,48
Maxi-Cash Fin,5UF,MAXI.SI,133.548,188.252,12.48,8.91,Retailers,62
MDR,A27,MDRT.SI,130.869,276.195,28.57,2.33,Retailers,77
Medinex,OTX,MEDN.SI,32.802,10.523,34.58,5.04,Industrial & Commercial Services,
Medtecs Intl,546,MTCS.SI,24.747,93.285,19.23,,Healthcare Services,50
MegaChem,5DS,MEGA.SI,42.697,114.631,11.41,4.06,Chemicals,75
MeGroup,SJY,MEGR.SI,24.322,80.069,64.74,,Automobiles & Auto Parts,
Memories,1H4,MEMO.SI,32.672,13.75,43.43,,Cyclical Consumer Services,
Memstar Tech,5MS,MEMS.SI,3.157,0,,,Chemicals,32
Mencast,5NF,MCHL.SI,41.213,78.885,,,Energy - Fossil Fuels,61
Mercurius,5RF,MERC.SI,61.271,0,,,Cyclical Consumer Products,35
Mermaid Maritime,DU4,MMPC.SI,142.883,144.163,,,Energy - Fossil Fuels,60
Metal Component,5DX,META.SI,7.857,46.231,,,Mineral Resources,49
Metech Intl,V3M,METE.SI,15.906,86.529,,,Industrial & Commercial Services,
Metro,M01,MTHL.SI,781.656,197.722,9.09,2.13,Retailers,74
Mewah Intl,MV4,MEWI.SI,368.015,3795.218,22.2,3.71,Food & Beverages,54
MFG Integration,M11,MITD.SI,21.13,16.948,0.46,213.64,Technology Equipment,50
Micro-Mechanics,5DD,MMEC.SI,247.477,60.331,19.11,5.06,Industrial Goods,97
Midas,5EN,MIDA.SI,366.439,,,,Mineral Resources,9
MindChamps,CNE,MIND.SI,129.256,52.211,27.45,2.5,Personal & Household Products & Services,
Mirach Energy,AWO,MIEL.SI,53.322,7.003,30.46,,Food & Beverages,37
Miyoshi,M03,MIYO.SI,21.443,24.996,,5.71,Technology Equipment,82
MM2 Asia,1B0,MM2A.SI,331.399,266.187,17.31,,Cyclical Consumer Services,54
MMP Resources,F3V,MMPR.SI,7.031,0.251,,,Industrial & Commercial Services,50
MoneyMax Fin,5WJ,MFSL.SI,53.424,160.444,12.5,3.31,Retailers,46
Moya Asia,5WE,MOYA.SI,298.455,191.371,23.59,,Industrial & Commercial Services,53
MS Hldgs,40U,MSHO.SI,9.118,14.46,117.02,,Industrial & Commercial Services,68
MSC,NPW,MSCB.KL,344,1193.664,7.94,2.33,Mineral Resources,
MSM Intl,5QR,MSML.SI,3.06,27.045,275.89,,Industrial Goods,59
MTQ,M05,MTLS.SI,50.837,114.152,16.51,,Energy - Fossil Fuels,77
Multi-Chem,AWZ,MCHE.SI,69.373,434.344,7.96,5.73,Technology Equipment,63
Mun Siong Engg,MF6,MSEL.SI,23.843,60.998,,0.73,Industrial & Commercial Services,62
Murata Yen1k,PJX,,,,,,,
MYP,F86,MYPL.SI,191.096,22.118,,,Transportation,47
Nam Cheong,N4E,NMCG.SI,50.118,98.254,0.12,,Industrial Goods,51
Nam Lee Metal,G0I,NLPM.SI,94.592,145.879,8.27,3.85,Cyclical Consumer Products,59
Natural Cool,5IF,NCHL.SI,13.524,137.927,11.74,,Industrial Goods,16
NauticAWT,42D,NAUT.SI,2.125,8.749,,,Energy - Fossil Fuels,45
Neo,5UJ,NEOG.SI,63.361,191.466,7.95,1.16,Cyclical Consumer Services,66
NeraTel,N01,NERA.SI,95.903,143.128,18.58,7.55,Technology Equipment,70
Net Pacific Fin,5QY,NPFH.SI,13.147,0.369,,,Banking & Investment Services,54
NetLink NBN Tr,CJLU,NETL.SI,3682.638,362.988,43.95,5.25,Telecommunications Services,
New Silkroutes,BMT,NEWS.SI,47.725,823.978,,,Healthcare Services,39
New Toyo,N08,NTYO.SI,65.914,293.822,,10,Applied Resources,62
New Wave,5FX,NEWW.SI,12.092,17.202,,,Mineral Resources,42
NGSC,B07,NGSC.SI,6.449,0,1.61,,Telecommunications Services,53
Nico Steel,5GF,NICO.SI,14.901,19.321,,,Mineral Resources,47
Nippecraft,N32,NIPP.SI,9.145,162.776,,,Industrial & Commercial Services,54
No Signboard,1G6,NOSI.SI,28.206,27.184,,,Cyclical Consumer Services,
Noble,CGP,NOBG.SI,107.629,6737.447,,,Industrial & Commercial Services,8
Noel Gifts Intl,543,NOEL.SI,24.184,22.055,,0.42,Retailers,38
Nomura Yen1k,N33,8604.T,1816303.25,2041035,17.61,3.46,Banking & Investment Services,
Nordic,MR7,NRGL.SI,112,83.454,14.05,2.79,Industrial Goods,46
NSL,N02,NATS.SI,362.352,294.507,,5.15,Mineral Resources,23
Ntegrator Intl,5HC,NTOR.SI,7.458,32.195,10.61,,Software & IT Services,53
NutryFarm,AZT,NUTR.SI,8.007,8.125,,,Software & IT Services,41
OCBC Bank,O39,OCBC.SI,49244,12138.278,10.64,4.3,Banking & Investment Services,108
Ocean Sky Intl,1B6,OCEA.SI,19.376,20.559,,,Industrial & Commercial Services,64
Oceanus,579,OCGL.SI,97.325,5.925,12.19,,Food & Beverages,28
OEL,584,OELH.SI,2.005,0.361,,,Industrial & Commercial Services,27
OKH Global,S3N,OKHG.SI,22.573,16.44,,,Industrial & Commercial Services,45
OKP,5CF,OKPH.SI,61.686,78.594,12.63,3.5,Industrial & Commercial Services,66
Olam Intl,O32,OLAM.SI,5953.254,32698.389,21.68,4.12,Food & Beverages,102
Old Chang Kee,5ML,OCKL.SI,91.638,89.142,24.9,3.97,Cyclical Consumer Services,52
Olive Tree,1H2,OLIV.SI,4.269,3.625,,,Real Estate,45
OneApex,5SY,ONEA.SI,13.097,3.983,,64.52,Real Estate,62
Ossia Intl,O08,OSSA.SI,26.526,23.161,6.93,7.33,Retailers,26
OUE,LJ3,OVES.SI,1423.323,779.213,25.42,1.38,Real Estate,62
OUE Com Reit,TS0U,OUEC.SI,2877.244,196.461,13.25,5.04,Real Estate,69.7
OUE Lippo HC,5WA,OUEL.SI,253.258,19.022,,,Healthcare Services,37
Ouhua Energy,AJ2,OUEH.SI,3.838,587.097,,,Energy - Fossil Fuels,62
Overseas Edu,RQ1,OVER.SI,122.532,81.571,17.82,9.32,Personal & Household Products & Services,71
Oxley,5UX,OXHL.SI,1416.115,686.068,9.96,2.94,Real Estate,49
P5 Capital,5AI,P5CA.SI,18.398,10.331,,,Industrial Goods,54
Pacific Andes,P11,PACF.SI,183.91,1121.929,,,Food & Beverages,50
Pacific Century,P15,PCEN.SI,1006.901,17.318,23.47,5.79,Holding Companies,57
Pacific Radiance,T8V,PACI.SI,75.617,94.51,,,Energy - Fossil Fuels,41
Pacific Star Dev,1C5,PACS.SI,55.257,4.519,,,Real Estate,45
Pan Asian,5EW,PANA.SI,4.712,27.916,40.74,,Utilities,34
Pan Hong,P36,PANH.SI,59.725,155.928,1.87,8.7,Real Estate,42
Pan Ocean,AZY,PANOx.SI,2813.977,3027.643,16.2,,Transportation,27
PanUnited,P52,PANU.SI,242.189,837.042,16.21,2.61,Mineral Resources,61
Parkson Retail,O9E,PRAL.SI,7.45,398.544,,,Retailers,56
ParkwayLife Reit,C2PU,PWLR.SI,1911.806,115.752,12.55,3.66,Real Estate,74.5
Pavillon,596,PAVI.SI,9.694,13.786,,,Cyclical Consumer Services,29
PEC,IX2,PECL.SI,147.036,376.351,13.52,3.48,Energy - Fossil Fuels,40
Penguin Intl,BTM,PGUN.SI,158.522,129.51,9.73,0.63,Transportation,44
Perennial Hldgs,40S,PERE.SI,957.458,114.126,,0.7,Real Estate,101
Pharmesis Intl,BFK,PHAR.SI,2.856,9.353,,,,34
Pine Cap,ADJ,PINC.SI,6.643,2.141,,,Banking & Investment Services,47
Plastoform,AYD,PFML.SI,0.527,3.344,,,Technology Equipment,42
Plato Capital,5PI,PLAT.SI,16.55,1.04,,,Software & IT Services,36
PNE Industries,BDA,PNEI.SI,68.392,99.916,7.99,6.13,Industrial Goods,39
Polaris,5BI,POLA.SI,17.053,37.579,,,Telecommunications Services,25
Pollux Prop,5AE,PLPS.SI,140.733,,,,Real Estate,26
POSH,U6C,PACC.SI,400.783,374.588,,,Energy - Fossil Fuels,64
Powermatic Data,BCY,PMDS.SI,90.581,26.504,8.79,1.98,Technology Equipment,35
Prime US ReitUSD,OXMU,PRIE.SI,888.004,,,,Collective Investments,
Procurri,BVQ,PROC.SI,105.335,216.653,18.03,,Software & IT Services,60
Progen,583,POGN.SI,8.982,3.411,,,Industrial & Commercial Services,40
PropNex,OYY,PROP.SI,199.991,373.478,13.55,3.7,Real Estate,
Prudential USD,K6S,PRU.L,35060.996,51432,19.55,,Insurance,
PSL,BLL,PSLL.SI,5.235,2.072,,,Industrial & Commercial Services,36
Q&M Dental,QC7,QMDT.SI,406.468,122.06,29.99,1.62,Healthcare Services,52
QAF,Q01,QAFS.SI,460.215,852.897,50.09,6.25,Food & Beverages,55
Qian Hu,BCV,QIAN.SI,17.029,77.979,27.42,1.33,Food & Beverages,91
QT Vascular,5I0,QTVA.SI,6.712,12.726,,,Healthcare Services,57
Raffles Edu,NR7,RLSE.SI,119.593,97.854,2.81,,Industrial & Commercial Services,53
Raffles Infrastructure,LUY,RAFL.SI,20.757,36.75,2.77,,Industrial & Commercial Services,
Raffles Medical,BSL,RAFG.SI,1819.117,513.475,28.32,2.51,Healthcare Services,62
Raffles United,K22,RAFF.SI,26.077,58.511,4.89,,Industrial Goods,72
RE&S Hldg,1G1,RESH.SI,60.18,142.72,13.9,2.65,Cyclical Consumer Services,
Reclaims Global,NEX,RECL.SI,34.06,33.64,38.4,,Industrial & Commercial Services,
Reenova Investment,5EC,REEN.SI,13.222,0.399,,,Banking & Investment Services,29
Regal Intl,UV1,REGI.SI,3.603,14.352,,,Real Estate,33
Renaissance United,I11,RENA.SI,12.362,62.995,,,Technology Equipment,26
Renewable Energy,5DW,REAG.SI,15.711,3.564,,,Industrial Goods,51
Resources Prima,5MM,RESO.SI,47.214,0.812,,,Energy - Fossil Fuels,61
Revez,RCU,REVE.SI,46.062,2.761,,,Software & IT Services,
Rex Intl,5WH,REXI.SI,244.274,0.251,6.28,,Energy - Fossil Fuels,69
RH PetroGas,T13,RHPG.SI,24.254,86.417,9.47,,Energy - Fossil Fuels,40
RHT HealthTrust,RF1U,RHTH.SI,14.605,-22.206,,238.89,Real Estate,46.2
Rich Capital,5G4,RICH.SI,22.028,0,,,Mineral Resources,37
Riverstone,AP4,RVHL.SI,721.058,325.254,16.68,2.37,Healthcare Services,77
Roxy-Pacific,E8Z,RXYP.SI,505.468,189.492,29.43,2.34,Real Estate,72
Ryobi Kiso,BDN,RKHL.SI,39.806,146.908,,,Industrial & Commercial Services,66
Sabana Reit,M1GU,SABA.SI,473.888,76.917,26,5.32,Real Estate,22.3
Sakae,5DO,SAKA.SI,11.36,46.909,3.15,,Cyclical Consumer Services,19
Samko Timber,E6R,SAMT.SI,45.235,429.308,16.31,,Applied Resources,33
SamuderaShipping,S56,SAMU.SI,79.328,560.399,6.48,5.1,Transportation,76
Samurai,1C3,SAMR.SI,88.044,,,0.63,Chemicals,
San Teh,S46,SANS.SI,95.546,15.959,,1.09,Cyclical Consumer Products,30
Sanli Env,1E3,SANL.SI,24.985,71.35,11.26,2.69,Industrial & Commercial Services,
Santak,580,SATK.SI,8.606,14.122,,,Industrial Goods,43
Sapphire,BRD,SAPP.SI,21.633,360.059,6.82,1.89,Industrial & Commercial Services,54
Sarine Tech,U77,SARI.SI,136.294,63.196,,4.89,Industrial Goods,42
Sasseur Reit,CRPU,SASS.SI,973.14,163.588,4.91,7.89,Real Estate,
SATS,S58,SATS.SI,5721.446,1853.719,23.72,3.73,Transportation,114
SBI Offshore,5PL,SBIO.SI,14.995,0.04,,,Energy - Fossil Fuels,19
SBS Transit,S61,SBVV.SI,1263.052,1419.808,14.23,3.52,Transportation,84
Second Chance,528,SECD.SI,166.107,30.764,34.98,2.16,Retailers,61
Secura,43B,SECU.SI,19.2,39.454,20.69,6.25,Software & IT Services,58
Sembcorp Ind,U96,SCIL.SI,4093.484,10439.476,10.84,1.75,Utilities,113
Sembcorp Marine,S51,SCMN.SI,2801.812,3622.223,,1.49,Industrial Goods,82
Sen Yue,5BS,SENY.SI,30.25,242.641,,,Mineral Resources,53
Serial System,S69,SERL.SI,68.906,1558.607,3.16,8.95,Industrial Goods,49
Seroja Inv,IW5,SERO.SI,29.698,51.929,18.25,,Transportation,47
Serrano,40R,SERR.SI,162.554,3.864,,,Industrial & Commercial Services,15
SEVAK,BAI,SEVA.SI,35.925,269.579,25.46,,Retailers,51
SGX,S68,SGXL.SI,9548.334,948.542,23.1,3.37,Banking & Investment Services,118
Shanghai Turbo,AWM,SHTU.SI,27.507,4.249,,,Industrial Goods,19
Shangri-La HKD,S07,0069.HK,29988.779,19863.063,24.61,2.63,Cyclical Consumer Services,
Sheng Siong,OV8,SHEN.SI,1819.28,965.22,23.98,2.89,Food & Drug Retailing,51
Shinvest,BJW,SHIN.SI,74.165,43.441,,3.02,Technology Equipment,26
Shopper360,1F0,SHOP.SI,14.317,52.978,8.39,2.24,Cyclical Consumer Services,
SHS,566,SEEH.SI,120.806,35.082,,,Industrial & Commercial Services,55
SIA,C6L,SIAL.SI,11110.62,16741.1,15.93,3.24,Transportation,98
SIA Engineering,S59,SIAE.SI,3214.973,1024.596,18.87,3.85,Transportation,88
SIIC Environment,BHK,SIIC.SI,677.689,1046.548,5.97,7.69,Utilities,55
Silkroad Nickel,STP,SILK.SI,22.264,8.134,,,Mineral Resources,
Silverlake Axis,5CP,SLVX.SI,1201.396,223.602,14.62,4.04,Software & IT Services,79
Sim Leisure,URR,SIMI.SI,26.743,7.004,40.2,,Cyclical Consumer Services,
Sin Ghee Huat,B7K,SGHC.SI,47.73,49.856,19.93,2.79,Mineral Resources,61
Sin Heng Mach,BKA,SIHM.SI,30.446,86.678,,,Industrial Goods,53
Sinarmas Land,A26,SINA.SI,1069.09,1040.821,2.49,6.38,Real Estate,58
Sincap,5UN,SINC.SI,8.517,53.785,22.4,,Energy - Fossil Fuels,41
Sing Inv & Fin,S35,SINV.SI,225.405,84.486,10.67,4.9,Banking & Investment Services,92
Singapore O&G,1D8,SINP.SI,164.497,36.498,21.23,4.41,Healthcare Services,77
Singapore-eDev,40V,SINE.SI,53.996,40.409,,,Real Estate,73
SingaporeKitchen,5WG,SING.SI,17.05,31.916,,4.55,Cyclical Consumer Products,54
SingHaiyi,5H0,SIHL.SI,401.371,38.59,427.27,1.6,Real Estate,70
SingHoldings,5IC,SHDS.SI,154.383,144.704,6.55,2.6,Real Estate,50
SingMedical,5OT,SMGL.SI,156.982,88.888,12.29,,Healthcare Services,53
SingMyanmar,Y45,SINO.SI,21.23,32.248,,,Transportation,42
SingPost,S08,SPOS.SI,2115.833,1560.489,,3.76,Transportation,88
SingReinsurance,S49,SPRS.SI,175.514,118.461,12.91,4.48,Insurance,52
SingShipping,S19,SSHP.SI,126.857,64.624,8.99,3.45,Industrial Goods,63
SingTel,Z74,STEL.SI,54702.68,17350.801,19.53,5.22,Telecommunications Services,129
SingTel 10,Z77,,,,,,,
Sinjia Land,5HH,SINJ.SI,4.033,0.596,,,Cyclical Consumer Services,58
Sino Grandness,T4B,SOGF.SI,49.494,626.707,4.82,,Food & Beverages,49
Sino Techfibre,AD8,SNTH.SI,91.22,146.788,,,Cyclical Consumer Products,24
SinoCloud,5EK,SINL.SI,14.318,8.855,,,Software & IT Services,37
Sinopipe,X06,SPHL.SI,40.206,0,,,Cyclical Consumer Products,36
Sinostar Pec,C9Q,SNSR.SI,115.363,610.168,8.82,2.78,Energy - Fossil Fuels,59
Sitra,5LE,SITR.SI,15.968,17.118,,,Applied Resources,46
SK Jewellery,42G,SKJE.SI,53.438,197.481,9.45,5.26,Cyclical Consumer Products,54
SLB Dev,1J0,SLBD.SI,109.56,32.351,,,Real Estate,
Soilbuild Const,S7P,SOIL.SI,37.687,249.28,,,Industrial & Commercial Services,77
SoilbuildBizReit,SV3U,SBSR.SI,610.883,92.025,10.63,,Real Estate,74.4
Soon Lian,5MD,SNLN.SI,5.616,32.394,9.32,,Mineral Resources,42
Soup Restaurant,5KI,SRGL.SI,44.775,44.355,24.04,4.33,Cyclical Consumer Services,50
Southern Pkg,BQP,SOUT.SI,28.167,136.93,,0.9,Applied Resources,43
SP Corp,AWE,SPPS.SI,17.55,104.345,6.96,,Industrial & Commercial Services,69
Spackman,40E,SPAC.SI,19.308,22.336,,,Cyclical Consumer Services,58
SPH,T39,SPRM.SI,3729.512,959.255,17.25,4.72,Cyclical Consumer Services,108
SPHREIT,SK6U,SPHR.SI,2884.32,228.635,19.18,4.19,Real Estate,83.2
Spindex Ind,564,SNEX.SI,113.058,153.591,7.84,3.37,Industrial Goods,50
Spura Finance,S23,SBDS.SI,141.23,29.451,13.74,2.25,Banking & Investment Services,73
Sri Trang Agro,NC2,,,,,,,61
ST Engineering,S63,STEG.SI,13020.805,6911.58,24.76,3.6,Industrial Goods,101
ST Group Food,DRX,STGR.SI,66.396,48.575,31.15,,Cyclical Consumer Services,
Stamford Land,H07,SFLD.SI,427.724,223.338,11.81,2.02,Cyclical Consumer Services,60
Stamford Tyres,S29,STAS.SI,51.961,231.286,107.32,4.55,Automobiles & Auto Parts,66
Star Pharm,AYL,SRPT.SI,20.867,68.061,,,,55
Starburst,40D,STAB.SI,94.478,7.605,,0.67,Industrial & Commercial Services,54
StarhillGbl Reit,P40U,STHL.SI,1594.329,202.147,25.61,5.12,Real Estate,85.7
StarHub,CC3,STAR.SI,2528.211,2341.7,15.47,7.36,Telecommunications Services,100
Starland,5UA,STHO.SI,18.697,14.248,58.1,3.88,Real Estate,69
Straco,S85,STRA.SI,625.629,121.822,13.81,3.47,Cyclical Consumer Services,47
Straits Trading,S20,STCM.SI,861.082,432.172,12.19,2.84,Mineral Resources,53
StratechGroup,BRR,STRT.SI,10.264,5.513,,,Software & IT Services,
SunMoonFood,AAJ,SMFC.SI,49.432,62.033,,,Food & Beverages,50
Sunningdale Tech,BHQ,SUND.SI,238.309,690.634,15.25,6.4,Industrial Conglomerates,57
Sunpower,5GD,SUNP.SI,414.162,683.014,8.53,0.36,Industrial Goods,47
Sunright,S71,SNRT.SI,55.877,133.636,,0.66,Technology Equipment,37
Sunrise Shares,581,SUNR.SI,4.637,2.764,5.35,,Real Estate,29
Suntar Eco-City,BKZ,SECL.SI,18.855,4.578,,,,33
Suntec Reit,T82U,SUNT.SI,5097.849,363.465,16.83,4.65,Real Estate,66.6
SunVic Chemical,A7S,SVCH.SI,11.757,155.26,,,Chemicals,56
SUTL Enterprise,BHU,SUTL.SI,46.689,20.298,8.24,3.7,Cyclical Consumer Services,57
Swee Hong,QF6,SWEE.SI,9.696,25.685,,,Industrial & Commercial Services,18
Swiber,BGK,SWBR.SI,50.549,1170.463,,,Energy - Fossil Fuels,35
Swing Media Tech,BEV,SWMT.SI,25.787,197.876,,,Technology Equipment,50
Swissco Hldg,ADP,SWCO.SI,36.244,48.172,,,Energy - Fossil Fuels,22
Synagie,V2Y,SYNA.SI,34.684,18.183,,,Telecommunications Services,
Sysma,5UO,SYSM.SI,45.675,30.328,40.05,4.57,Industrial & Commercial Services,59
TA,PA3,TACO.SI,83.927,148.408,,6.17,Real Estate,74
Tai Sin Electric,500,TAIS.SI,147.208,335.706,12.59,6.82,Industrial Goods,74
TalkMed,5G3,TALK.SI,676.968,70.626,20.59,4.01,Healthcare Services,62
Tat Seng Pkg,T12,TASE.SI,79.386,311.68,5.37,5.94,Applied Resources,50
TCIL HK$,T15,0693.HK,4207.816,14863.885,11.99,5.5,Retailers,
Tech Oil & Gas,5CQ,TECH.SI,16.789,65.026,,,Energy - Fossil Fuels,24
Teckwah,561,TECK.SI,105.098,159.836,15.21,3.33,Industrial & Commercial Services,55
TEE Intl,M1Z,TEEI.SI,30.463,420.488,,,Industrial & Commercial Services,82
TEE Land,S9B,TEEL.SI,57.647,87.03,,3.1,Real Estate,79
Teho Intl,5OQ,TEHO.SI,4.708,54.383,,,Industrial Goods,75
TeleChoice Intl,T41,TCIN.SI,90.43,404.042,22.67,8.04,Technology Equipment,71
ThaiBev,Y92,TBEV.SI,22623.775,11714.41,21.72,1.87,Food & Beverages,63
Thakral,AWI,THAK.SI,64.122,123.485,7.97,8.16,Technology Equipment,52
The Place Hldg,E27,THEP.SI,117.613,1.894,,,Technology Equipment,52
TheHourGlass,AGS,HRGS.SI,578.11,727.667,7.9,3.66,Retailers,63
Thomson Medical,A50,THOS.SI,1586.461,221.777,214.29,,Healthcare Services,68
Tianjin ZX USD,T14,TIAN.SI,1696.402,967.672,7.77,,,51
TIH,T55,TIHL.SI,56.796,9.623,12.45,,Banking & Investment Services,66
Tiong Seng,BFI,TISE.SI,94.223,352.229,16.6,2.44,Industrial & Commercial Services,64
Tiong Woon,BQM,TION.SI,83.605,117.225,28.53,0.56,Industrial Goods,45
TLV,42L,TLVH.SI,34.496,119.671,10.22,3.59,Retailers,69
Top Global,BHO,TPGB.SI,77.255,59.381,,,Real Estate,54
Top Glove,BVA,TPGC.KL,11266.593,4801.759,30.36,1.7,Healthcare Services,
Tosei,S2D,8923.T,68174.445,61977.324,8.58,2.14,Real Estate,
TPV Tech,T18,0903.HK,9011.41,68969.492,19.48,0.26,Technology Equipment,
Transcorp,T19,TCHL.SI,1.347,2.42,,,Cyclical Consumer Products,38
Transit Concrete,570,TMCL.SI,4.871,8.671,,14.29,Mineral Resources,59
Travelite,BCZ,TRHL.SI,7.131,42.781,33.24,,Retailers,61
Trek 2000 Intl,5AB,TRKL.SI,22.71,21.161,,14.29,Technology Equipment,-5
Trendlines,42T,THET.SI,64.887,8.308,,,Cyclical Consumer Services,82
TrickleStar,CYW,TRIC.SI,27.836,18.474,27.02,,Industrial Goods,
Tritech,5G9,TTGL.SI,25.511,37.538,,,Industrial & Commercial Services,64
Triyards,RC5,TRIY.SI,27.458,158.264,,,Energy - Fossil Fuels,46
TSH,KUH,TSHC.SI,8.428,3.878,,,Cyclical Consumer Services,
TT Intl,T09,TINL.SI,14.581,141.392,,,Retailers,20
TTJ,K1Q,TTJH.SI,71.75,,,1.95,Industrial & Commercial Services,60
Tuan Sing,T24,TSHS.SI,406.143,329.355,3.24,1.76,Real Estate,106
Tung Lok Rest,540,TGLK.SI,42.258,80.628,,,Cyclical Consumer Services,63
Tye Soon,BFU,TYES.SI,10.908,220.166,,4.58,Retailers,44
UG Healthcare,41A,UGHE.SI,28.995,91.711,11.54,1.73,Healthcare Services,66
UIC,U06,UICS.SI,4183.096,755.362,7.62,1.03,Real Estate,63
UMS,558,UMSH.SI,434.508,113.774,13.45,4.32,Technology Equipment,64
Uni-Asia Grp,CHJ,UAFC.SI,57.433,170.304,16.8,5.59,Real Estate,53
Union Gas,1F2,UNIO.SI,56.081,66.776,7.93,3.67,Utilities,
Union Steel,BLA,UNIS.SI,12.01,68.605,,,Mineral Resources,66
United Engineers,U04,UTES.SI,1721.305,377.768,13.35,1.11,Real Estate,71
United Food,AZR,UTDF.SI,16.935,13.889,1.45,,Food & Beverages,41
United Global,43P,UNIT.SI,158.257,158.329,12.84,2,Energy - Fossil Fuels,68
Universal Res,BGO,UNIV.SI,4.091,0.01,,,Energy - Fossil Fuels,41
UnUsUaL,1D1,UNUS.SI,319.046,55.224,26.79,,Industrial & Commercial Services,
UOA,EH5,UOS.AX,386.527,638.911,10.81,2.35,Real Estate,
UOB,U11,UOBH.SI,45408.219,12555.963,10.89,3.89,Banking & Investment Services,109
UOB Kay Hian,U10,UOKH.SI,994.233,341.391,16.88,3.88,Banking & Investment Services,60
UOI,U13,UOIS.SI,429.308,51.575,4.67,2.42,Insurance,77
UOL,U14,UTOS.SI,6676.577,2354.373,13.47,2.21,Real Estate,78
USP Group,BRS,USPG.SI,3.736,39.77,,,Energy - Fossil Fuels,43
Vallianz,WPC,VHLD.SI,60.468,249.45,,,Transportation,
ValueMax,T6I,VAMG.SI,172.177,202.128,7.48,4.29,Banking & Investment Services,38
Valuetronics,BN2,VLUE.SI,296.376,483.483,8.55,5.15,Technology Equipment,47
Vashion,1F4,VSHN.SI,1.199,7.235,,,Retailers,48
Venture,V03,VENM.SI,4504.72,3607.298,10.21,4.5,Technology Equipment,79
Versalink,40N,VERS.SI,20.14,15.391,,,Industrial & Commercial Services,60
Vibrant Group,BIP,VIBR.SI,89.338,274.072,2.41,3.13,Transportation,63
VibroPower,BJD,VIBO.SI,4.073,15.372,12.56,,Industrial Goods,38
VICOM,V01,VCOM.SI,677.225,101.989,19.16,4.88,Industrial & Commercial Services,100
Vicplas Intl,569,VICP.SI,45.691,80.165,10.74,5.56,Cyclical Consumer Products,51
Viking Offshore,557,VIKO.SI,4.427,23.82,,,Energy - Fossil Fuels,51
Vividthree,OMK,VIVI.SI,48.766,9.284,14.91,,Cyclical Consumer Services,
Wee Hur,E3B,WHHL.SI,201.222,176.388,11.14,3.26,Industrial & Commercial Services,51
Willas-Array,BDR,0854.HK,204.497,3687.827,,8.33,Technology Equipment,79
Wilmar Intl,F34,WLIL.SI,24676.648,58337.895,16.66,2.6,Food & Beverages,89
Wilton Resources,5F7,WILT.SI,66.706,0.409,,,Mineral Resources,61
Winas,5CN,WINA.SI,9.954,-45.782,1.07,43.1,Industrial Goods,51
Wing Tai,W05,WTHS.SI,1556.097,324.02,31.28,1.53,Real Estate,49
Wong Fong Ind,1A1,WONG.SI,46.765,56.911,15.86,1.91,Industrial Goods,55
World Class Gbl,1E6,WORL.SI,146.54,439.372,4.49,,Real Estate,
World Precision,B49,WPML.SI,80.113,167.533,,,Industrial Goods,39
XMH,BQF,XMHL.SI,14.2,76.035,,,Industrial Goods,67
Y Ventures,1F1,YVEN.SI,27.815,29.766,,,Software & IT Services,
Yamada Green Res,BJV,YAMR.SI,58.767,11.926,,,Food & Beverages,59
Yanlord Land,Z25,YNLG.SI,2400.332,3061.17,4.98,5.53,Real Estate,54
Yeo Hiap Seng,Y03,YHSS.SI,550.915,351.154,33.37,2.11,Food & Beverages,78
YHI Intl,BPF,YHII.SI,99.381,458.272,8.63,4.41,Automobiles & Auto Parts,42
Yinda Infocomm,42F,YIND.SI,2.28,17.985,3.05,,Telecommunications Services,50
Ying Li Intl,5DM,YING.SI,266.308,127.211,16.45,,Real Estate,64
Yoma Strategic,Z59,YOMA.SI,617.674,132.441,13.92,1.54,Real Estate,98
Yongmao,BKX,YNMH.SI,77.766,197.563,4.9,3.43,Industrial Goods,47
Yongnam,AXB,YNAM.SI,78.39,163.533,,,Industrial & Commercial Services,48
Yorkshine,MR8,YORK.SI,90.878,32.199,,,Mineral Resources,40
Yunnan Energy,T43,1298.HK,776.732,145.913,,,Technology Equipment,43
YuuZoo Networks,AFC,YUUZ.SI,29.678,15.733,,,Software & IT Services,-12
YZJ Shipbldg CNY,SO7,,,,,,,
YZJ Shipbldg SGD,BS6,YAZG.SI,3900.097,4594.139,5.28,5.1,Industrial Goods,66
Zhongmin Baihui,5SR,ZBRG.SI,98.299,193.087,11.93,6,Retailers,23
Zhongxin Fruit,5EG,ZHON.SI,6.342,19.436,7.85,,Food & Beverages,42
ZICO Hldgs,40W,ZICO.SI,45.451,28.927,67.65,,Industrial & Commercial Services,67